Name,Team,W,L,ERA,G,GS,IP,TBF,H,R,ER,HR,BB,IBB,HBP,SO,Age,IFFB,Balls,Strikes,Pitches,K/9,BB/9,K/BB,AVG,BABIP,FIP,GB/FB,LD%,GB%,FB%,HR/FB,WAR,WPA,O-Swing%,Z-Swing%,Swing%,O-Contact%,Z-Contact%,Contact%,F-Strike%,SwStr%,K%,BB%,Pull%,Cent%,Oppo%,Soft%,Med%,Hard%,playerid
Corey Kluber,Indians,18,4,2.25,29,29,203.2,777,141,56,51,21,36,2,5,265,31,18,940,2005,2945,11.71,1.59,7.36,0.192,0.267,2.5,1.33,22.10%,44.50%,33.40%,13.50%,7.3,4.72,35.60%,63.70%,49.00%,44.90%,82.40%,68.10%,64.40%,15.60%,34.10%,4.60%,38.90%,36.10%,25.10%,24.40%,46.70%,28.90%,2429
Clayton Kershaw,Dodgers,18,4,2.31,27,27,175,679,136,49,45,23,30,0,0,202,29,14,792,1729,2521,10.39,1.54,6.73,0.21,0.267,3.07,1.45,18.90%,47.90%,33.10%,15.90%,4.6,4.18,32.30%,70.60%,51.30%,51.10%,82.40%,72.50%,69.40%,14.10%,29.80%,4.40%,43.30%,34.50%,22.20%,23.50%,49.10%,27.40%,2036
Max Scherzer,Nationals,16,6,2.51,31,31,200.2,780,126,62,56,22,55,2,11,268,32,24,997,2114,3111,12.02,2.47,4.87,0.176,0.245,2.9,0.78,16.90%,36.50%,46.60%,10.80%,6,4.47,35.00%,68.70%,51.20%,51.90%,79.50%,69.70%,64.60%,15.50%,34.40%,7.10%,42.40%,33.00%,24.70%,19.50%,54.00%,26.50%,3137
Stephen Strasburg,Nationals,15,4,2.52,28,28,175.1,701,131,55,49,13,47,5,7,204,28,17,898,1844,2742,10.47,2.41,4.34,0.202,0.274,2.72,1.37,19.00%,46.80%,34.20%,8.70%,5.6,3.43,33.40%,65.40%,49.30%,53.00%,84.40%,73.70%,63.50%,13.00%,29.10%,6.70%,35.00%,38.20%,26.90%,21.40%,51.20%,27.30%,10131
Alex Wood,Dodgers,16,3,2.72,27,25,152.1,614,123,50,46,15,38,6,6,151,26,10,736,1524,2260,8.92,2.25,3.97,0.216,0.267,3.32,1.97,20.10%,53.00%,26.90%,13.50%,3.4,2.3,36.10%,63.80%,48.00%,61.20%,86.20%,75.50%,66.90%,11.80%,24.60%,6.20%,38.40%,36.50%,25.10%,20.30%,52.00%,27.70%,13781
Chase Anderson,Brewers,12,4,2.74,25,25,141.1,569,113,47,43,14,41,1,7,133,29,16,818,1436,2254,8.47,2.61,3.24,0.217,0.265,3.58,0.91,18.00%,39.20%,42.90%,8.60%,3.3,2.7,30.30%,66.80%,46.60%,65.80%,85.00%,78.10%,61.20%,10.20%,23.40%,7.20%,39.40%,34.50%,26.00%,19.90%,48.50%,31.70%,6895
Robbie Ray,Diamondbacks,15,5,2.89,28,28,162,665,116,57,52,23,71,3,5,218,25,12,1010,1705,2715,12.11,3.94,3.07,0.197,0.267,3.72,1,19.50%,40.30%,40.30%,15.60%,3.2,2.04,29.70%,63.00%,44.20%,46.10%,81.00%,67.90%,59.90%,14.20%,32.80%,10.70%,38.00%,34.50%,27.50%,16.40%,43.10%,40.40%,11486
Chris Sale,Red Sox,17,8,2.9,32,32,214.1,851,165,73,69,24,43,0,8,308,28,21,1085,2343,3428,12.93,1.81,7.16,0.206,0.301,2.45,0.94,20.40%,38.70%,40.90%,12.10%,7.7,3.73,36.20%,65.60%,49.90%,55.70%,79.20%,70.10%,66.80%,14.90%,36.20%,5.10%,38.40%,35.20%,26.40%,18.50%,51.80%,29.70%,10603
Dallas Keuchel,Astros,14,5,2.9,23,23,145.2,584,116,50,47,15,47,0,2,125,29,2,839,1355,2194,7.72,2.9,2.66,0.217,0.256,3.79,3.77,15.50%,66.80%,17.70%,21.10%,2.5,2.63,32.60%,66.10%,45.00%,63.60%,86.00%,75.80%,60.50%,10.90%,21.40%,8.10%,45.00%,35.20%,19.80%,25.40%,49.90%,24.70%,9434
Gio Gonzalez,Nationals,15,9,2.96,32,32,201,827,158,69,66,21,79,5,7,188,31,17,1340,2024,3364,8.42,3.54,2.38,0.213,0.258,3.93,1.31,19.10%,45.80%,35.10%,11.10%,3.3,3.56,28.10%,61.20%,41.80%,68.40%,85.90%,79.00%,55.30%,8.80%,22.70%,9.60%,42.70%,32.90%,24.40%,21.70%,49.00%,29.30%,7448
James Paxton,Mariners,12,5,2.98,24,24,136,552,113,47,45,9,37,1,3,156,28,15,790,1478,2268,10.32,2.45,4.22,0.221,0.3,2.61,1.37,22.40%,44.90%,32.70%,7.80%,4.6,1.52,29.80%,67.00%,48.10%,55.40%,82.50%,74.00%,64.90%,12.50%,28.30%,6.70%,38.20%,30.10%,31.70%,18.00%,51.70%,30.30%,11828
Luis Severino,Yankees,14,6,2.98,31,31,193.1,783,150,73,64,21,51,0,6,230,23,18,1031,2051,3082,10.71,2.37,4.51,0.207,0.272,3.07,1.65,18.80%,50.60%,30.60%,14.00%,5.7,2.96,31.30%,67.20%,49.00%,55.20%,82.30%,73.50%,65.10%,13.00%,29.40%,6.50%,40.80%,36.40%,22.80%,19.40%,52.10%,28.50%,15890
Brad Peacock,Astros,13,2,3,34,21,132,546,100,46,44,10,57,0,3,161,29,14,822,1426,2248,10.98,3.89,2.82,0.206,0.286,3.07,1.16,18.60%,43.70%,37.80%,8.20%,3.4,2.31,28.40%,61.30%,43.20%,57.10%,81.40%,72.60%,63.20%,11.80%,29.50%,10.40%,41.50%,33.90%,24.60%,25.20%,48.30%,26.50%,5401
Kyle Hendricks,Cubs,7,5,3.03,24,24,139.2,570,126,49,47,17,40,1,2,123,27,11,822,1454,2276,7.93,2.58,3.08,0.239,0.281,3.88,1.72,20.80%,50.10%,29.10%,14.80%,2.5,2.23,31.70%,57.10%,42.30%,72.40%,86.60%,80.40%,63.20%,8.30%,21.60%,7.00%,42.00%,33.80%,24.20%,22.50%,47.20%,30.40%,12049
Marcus Stroman,Blue Jays,13,9,3.09,33,33,201,834,201,82,69,21,62,1,6,164,26,5,1169,1974,3143,7.34,2.78,2.65,0.262,0.31,3.9,3.15,18.20%,62.10%,19.70%,17.80%,3.4,2.18,28.60%,65.00%,44.60%,57.10%,89.10%,77.60%,58.60%,10.00%,19.70%,7.40%,35.10%,38.00%,26.90%,20.40%,48.20%,31.40%,13431
Mike Clevinger,Indians,12,6,3.11,27,21,121.2,502,92,46,42,13,60,2,3,137,26,10,840,1265,2105,10.13,4.44,2.28,0.21,0.273,3.85,1.08,24.10%,39.50%,36.50%,11.90%,2.2,2.17,27.20%,63.30%,42.20%,54.60%,80.10%,70.50%,63.40%,12.50%,27.30%,12.00%,36.90%,30.60%,32.60%,18.60%,47.20%,34.20%,12808
Zack Greinke,Diamondbacks,17,7,3.2,32,32,202.1,801,172,80,72,25,45,0,0,215,33,18,1123,2040,3163,9.56,2,4.78,0.228,0.285,3.31,1.33,18.00%,46.80%,35.20%,13.40%,5.1,3.11,34.40%,62.70%,45.90%,57.70%,85.10%,72.90%,62.40%,12.40%,26.80%,5.60%,41.40%,36.60%,22.00%,19.20%,45.70%,35.10%,1943
Ervin Santana,Twins,16,8,3.28,33,33,211.1,864,177,85,77,31,61,2,8,167,34,32,1185,2050,3235,7.11,2.6,2.74,0.223,0.245,4.46,0.97,16.30%,41.20%,42.50%,11.80%,2.9,2.75,32.40%,69.40%,48.20%,64.50%,88.00%,79.00%,64.10%,10.10%,19.30%,7.10%,46.40%,32.40%,21.20%,22.30%,49.80%,27.90%,3200
Carlos Carrasco,Indians,18,6,3.29,32,32,200,798,173,73,73,21,46,2,10,226,30,17,1046,2012,3058,10.17,2.07,4.91,0.233,0.307,3.1,1.37,21.70%,45.20%,33.10%,12.40%,5.5,3.42,31.00%,68.80%,48.80%,48.30%,84.80%,72.50%,63.00%,13.40%,28.30%,5.80%,37.60%,38.00%,24.40%,19.40%,51.40%,29.30%,6632
Drew Pomeranz,Red Sox,17,6,3.32,32,32,173.2,740,166,69,64,19,69,0,4,174,28,18,1156,1924,3080,9.02,3.58,2.52,0.249,0.31,3.84,1.24,21.90%,43.20%,34.90%,11.20%,3.1,2.43,28.70%,64.80%,44.30%,64.10%,85.40%,77.60%,60.30%,9.90%,23.50%,9.30%,41.50%,32.10%,26.40%,20.30%,47.20%,32.50%,11426
Rich Hill,Dodgers,12,8,3.32,25,25,135.2,552,99,51,50,18,49,1,9,166,37,15,737,1487,2224,11.01,3.25,3.39,0.2,0.261,3.72,0.81,17.20%,36.90%,45.90%,12.50%,2.6,1.35,29.20%,60.70%,44.90%,59.90%,81.50%,74.50%,62.10%,11.50%,30.10%,8.90%,39.00%,36.90%,24.10%,20.70%,49.10%,30.20%,4806
Madison Bumgarner,Giants,4,9,3.32,17,17,111,450,101,41,41,17,20,3,3,101,27,15,550,1116,1666,8.19,1.62,5.05,0.237,0.272,3.95,0.99,18.10%,40.80%,41.10%,12.90%,1.7,0.79,34.50%,70.10%,50.70%,68.70%,86.30%,79.80%,66.70%,10.30%,22.40%,4.40%,44.20%,31.90%,23.90%,16.90%,48.20%,35.00%,5524
Justin Verlander,- - -,15,8,3.36,33,33,206,849,170,80,77,27,72,4,4,219,34,23,1218,2313,3531,9.57,3.15,3.04,0.22,0.271,3.84,0.78,23.80%,33.50%,42.70%,11.50%,4.1,3.21,31.90%,70.30%,49.10%,65.30%,85.40%,78.20%,61.60%,10.70%,25.80%,8.50%,37.40%,38.10%,24.60%,17.50%,48.00%,34.50%,8700
Zack Godley,Diamondbacks,8,9,3.37,26,25,155,627,124,61,58,15,53,2,5,165,27,8,930,1506,2436,9.58,3.08,3.11,0.218,0.28,3.41,2.11,18.50%,55.30%,26.20%,14.70%,3.5,1.98,33.10%,60.80%,44.20%,46.60%,88.80%,69.90%,60.80%,13.30%,26.30%,8.50%,39.40%,40.40%,20.30%,18.60%,49.30%,32.20%,14862
Mike Montgomery,Cubs,7,8,3.38,44,14,130.2,540,103,52,49,10,55,4,8,100,27,4,809,1266,2075,6.89,3.79,1.82,0.216,0.253,4.07,2.28,16.80%,57.80%,25.40%,10.60%,1.3,2.32,28.20%,62.60%,43.10%,65.10%,89.50%,80.40%,59.80%,8.40%,18.50%,10.20%,41.10%,37.90%,21.00%,20.70%,49.10%,30.20%,4869
Andrew Cashner,Rangers,11,11,3.4,28,28,166.2,704,156,75,63,15,64,0,9,86,30,17,1008,1628,2636,4.64,3.46,1.34,0.247,0.266,4.61,1.51,19.20%,48.60%,32.20%,8.60%,1.9,1.58,25.70%,66.80%,44.60%,74.90%,91.60%,86.40%,58.50%,6.10%,12.20%,9.10%,40.70%,33.80%,25.50%,18.50%,53.00%,28.40%,8782
Lance Lynn,Cardinals,11,8,3.43,33,33,186.1,776,151,80,71,27,78,5,10,153,30,22,1258,1893,3151,7.39,3.77,1.96,0.219,0.244,4.82,1.22,19.80%,44.00%,36.20%,14.20%,1.4,1.86,27.20%,69.60%,44.40%,74.70%,82.40%,79.60%,54.60%,9.00%,19.70%,10.10%,36.10%,34.20%,29.70%,21.10%,49.70%,29.20%,2520
Taijuan Walker,Diamondbacks,9,9,3.49,28,28,157.1,684,148,76,61,17,61,7,9,146,24,10,1023,1720,2743,8.35,3.49,2.39,0.241,0.29,4.04,1.49,18.30%,48.90%,32.80%,11.30%,2.5,0.31,27.40%,65.50%,44.70%,67.30%,87.20%,80.60%,58.60%,8.70%,21.40%,8.90%,35.10%,34.90%,30.00%,15.00%,52.00%,33.00%,11836
Jimmy Nelson,Brewers,12,6,3.49,29,29,175.1,728,171,75,68,16,48,1,9,199,28,10,910,1842,2752,10.21,2.46,4.15,0.255,0.34,3.05,1.84,22.40%,50.30%,27.30%,12.60%,4.9,2.03,31.80%,65.90%,48.20%,59.20%,85.40%,76.40%,61.10%,11.40%,27.30%,6.60%,35.80%,36.40%,27.80%,22.30%,46.00%,31.80%,10547
Jake Arrieta,Cubs,14,10,3.53,30,30,168.1,707,150,82,66,23,55,3,10,163,31,13,1025,1718,2743,8.71,2.94,2.96,0.234,0.279,4.16,1.31,20.50%,45.10%,34.40%,14.00%,2.4,0.81,27.90%,61.00%,43.70%,67.00%,86.60%,80.10%,58.00%,8.70%,23.10%,7.80%,40.50%,35.70%,23.80%,20.00%,50.50%,29.40%,4153
J.A. Happ,Blue Jays,10,11,3.53,25,25,145.1,626,145,64,57,18,46,1,0,142,34,12,905,1582,2487,8.79,2.85,3.09,0.25,0.302,3.76,1.39,19.40%,46.90%,33.70%,12.30%,2.9,0.92,32.60%,68.60%,47.60%,72.70%,85.10%,80.10%,62.00%,9.50%,22.70%,7.40%,37.20%,32.70%,30.10%,20.30%,53.00%,26.70%,7410
Jacob deGrom,Mets,15,10,3.53,31,31,201.1,827,180,87,79,28,59,5,2,239,29,17,1036,2132,3168,10.68,2.64,4.05,0.235,0.305,3.5,1.34,21.10%,45.30%,33.70%,16.10%,4.4,1.78,32.50%,68.40%,49.30%,61.00%,79.70%,73.10%,64.20%,13.30%,28.90%,7.10%,35.10%,33.80%,31.10%,21.30%,46.90%,31.90%,10954
Aaron Nola,Phillies,12,11,3.54,27,27,168,693,154,67,66,18,49,2,2,184,24,9,912,1753,2665,9.86,2.63,3.76,0.24,0.309,3.27,1.6,19.10%,49.80%,31.10%,12.70%,4.3,1.53,29.40%,60.80%,44.50%,59.30%,84.10%,75.60%,64.40%,10.80%,26.60%,7.10%,40.20%,36.00%,23.80%,21.60%,48.70%,29.70%,16149
Sonny Gray,- - -,10,12,3.55,27,27,162.1,678,139,79,64,19,57,1,3,153,27,7,1014,1650,2664,8.48,3.16,2.68,0.225,0.269,3.9,1.92,19.70%,52.80%,27.50%,15.10%,2.8,-0.25,31.60%,66.90%,46.20%,55.80%,86.50%,74.30%,61.70%,11.90%,22.60%,8.40%,43.90%,35.10%,21.10%,16.80%,55.30%,28.00%,12768
Charlie Morton,Astros,14,7,3.62,25,25,146.2,617,125,65,59,14,50,1,13,163,33,11,867,1520,2387,10,3.07,3.26,0.226,0.294,3.46,1.79,19.20%,51.80%,29.00%,12.50%,3.3,0.59,29.40%,62.40%,44.50%,61.10%,83.60%,75.50%,61.10%,10.90%,26.40%,8.10%,41.50%,35.40%,23.10%,22.10%,51.00%,26.90%,4676
Carlos Martinez,Cardinals,12,11,3.64,32,32,205,858,179,93,83,27,71,3,8,217,25,14,1084,2048,3132,9.53,3.12,3.06,0.23,0.284,3.91,1.72,18.80%,51.30%,29.90%,16.40%,3.3,1.43,28.80%,65.20%,46.30%,58.10%,86.20%,77.20%,59.10%,10.60%,25.30%,8.30%,38.00%,37.10%,25.00%,19.40%,48.50%,32.10%,11682
Parker Bridwell,Angels,10,3,3.64,21,20,121,492,115,52,49,19,30,0,4,73,25,20,634,1125,1759,5.43,2.23,2.43,0.251,0.262,4.84,0.94,21.30%,38.10%,40.70%,12.30%,1,0.95,30.20%,68.10%,47.20%,64.50%,89.20%,80.50%,63.20%,9.20%,14.80%,6.10%,39.20%,34.30%,26.50%,16.10%,50.40%,33.50%,11502
Alex Cobb,Rays,12,10,3.66,29,29,179.1,742,175,78,73,22,44,2,6,128,29,12,1029,1820,2849,6.42,2.21,2.91,0.253,0.282,4.16,1.58,22.00%,47.80%,30.20%,13.00%,2.4,2.22,28.70%,62.20%,44.00%,73.40%,91.00%,84.80%,58.80%,6.70%,17.30%,5.90%,43.60%,34.60%,21.80%,14.90%,48.20%,36.90%,6562
Jon Gray,Rockies,10,4,3.67,20,20,110.1,461,113,47,45,10,30,0,2,112,25,10,648,1185,1833,9.14,2.45,3.73,0.263,0.336,3.18,1.71,22.50%,48.90%,28.60%,11.10%,3.2,1.48,28.00%,60.50%,44.00%,59.00%,90.10%,80.00%,61.60%,8.80%,24.30%,6.50%,40.70%,33.80%,25.60%,22.70%,48.90%,28.40%,14916
CC Sabathia,Yankees,14,5,3.69,27,27,148.2,623,139,64,61,21,50,1,5,120,36,9,852,1488,2340,7.26,3.03,2.4,0.245,0.276,4.49,1.79,22.20%,49.90%,27.90%,17.20%,1.9,1.27,31.30%,66.60%,45.90%,70.60%,87.50%,80.70%,61.30%,8.90%,19.30%,8.00%,41.50%,38.20%,20.30%,24.10%,48.70%,27.20%,404
Hyun-Jin Ryu,Dodgers,5,9,3.77,25,24,126.2,541,128,58,53,22,45,3,4,116,30,10,789,1339,2128,8.24,3.2,2.58,0.26,0.299,4.74,1.41,22.80%,45.10%,32.10%,18.60%,0.8,0.67,31.20%,64.40%,44.10%,62.60%,84.80%,75.20%,60.30%,11.00%,21.40%,8.30%,44.20%,32.70%,23.10%,18.60%,45.20%,36.20%,14444
Danny Duffy,Royals,9,10,3.81,24,24,146.1,609,143,67,62,13,41,0,4,130,28,21,756,1521,2277,8,2.52,3.17,0.254,0.309,3.46,0.97,19.90%,39.50%,40.70%,7.60%,3.4,1.05,30.60%,69.40%,50.20%,57.40%,85.90%,77.40%,64.70%,11.40%,21.40%,6.70%,39.30%,34.20%,26.60%,17.80%,52.40%,29.80%,3542
Jose Urena,Marlins,14,7,3.82,34,28,169.2,724,152,77,72,26,64,4,14,113,25,18,1138,1744,2882,5.99,3.39,1.77,0.235,0.249,5.2,1.13,18.70%,43.10%,38.30%,13.10%,0.2,0.49,29.20%,68.50%,45.20%,70.60%,88.90%,81.90%,58.70%,8.20%,15.60%,8.80%,43.20%,32.90%,23.90%,18.40%,49.80%,31.80%,11589
Michael Fulmer,Tigers,10,12,3.83,25,25,164.2,676,150,80,70,13,40,2,8,114,24,15,883,1596,2479,6.23,2.19,2.85,0.239,0.273,3.67,1.7,21.90%,49.20%,28.90%,8.80%,3.5,0.67,32.10%,70.00%,49.30%,66.60%,89.00%,81.00%,61.40%,9.40%,16.90%,5.90%,38.70%,36.00%,25.30%,18.10%,52.00%,30.00%,13218
Yu Darvish,- - -,10,12,3.86,31,31,186.2,766,159,83,80,27,58,1,6,209,30,15,1080,1974,3054,10.08,2.8,3.6,0.226,0.283,3.83,1.11,22.40%,40.70%,36.80%,15.10%,3.5,0.98,30.30%,65.10%,46.80%,56.20%,82.80%,73.70%,58.90%,12.30%,27.30%,7.60%,39.80%,35.90%,24.30%,20.50%,46.50%,33.10%,13074
Jordan Montgomery,Yankees,9,7,3.88,29,29,155.1,649,140,72,67,21,51,0,1,144,24,12,908,1619,2527,8.34,2.95,2.82,0.235,0.275,4.07,0.98,17.80%,40.70%,41.60%,11.20%,2.7,0.77,33.20%,65.50%,46.90%,55.90%,86.30%,73.90%,59.90%,12.20%,22.20%,7.90%,42.20%,33.10%,24.70%,17.90%,55.60%,26.50%,16511
Jose Berrios,Twins,14,8,3.89,26,25,145.2,616,131,71,63,15,48,0,13,139,23,15,885,1503,2388,8.59,2.97,2.9,0.236,0.289,3.84,0.98,21.00%,39.00%,40.00%,9.10%,2.8,0.7,30.50%,64.20%,45.30%,66.70%,86.90%,79.30%,59.10%,9.40%,22.60%,7.80%,36.50%,36.80%,26.70%,20.40%,51.70%,27.90%,14168
Jhoulys Chacin,Padres,13,10,3.89,32,32,180.1,765,157,82,78,19,72,5,14,153,29,20,1093,1844,2937,7.64,3.59,2.13,0.231,0.272,4.26,1.52,18.60%,49.10%,32.30%,11.40%,2.3,1.2,25.40%,61.20%,41.90%,63.80%,89.60%,81.10%,58.70%,7.90%,20.00%,9.40%,37.60%,36.70%,25.70%,20.20%,51.30%,28.50%,2608
Zach Davies,Brewers,17,9,3.9,33,33,191.1,817,204,90,83,20,55,3,9,124,24,14,1159,1930,3089,5.83,2.59,2.25,0.271,0.302,4.22,1.84,22.60%,50.20%,27.20%,12.00%,2.8,0.64,26.70%,63.50%,42.80%,71.60%,89.50%,83.20%,57.30%,7.20%,15.20%,6.70%,38.30%,36.10%,25.60%,19.90%,51.40%,28.80%,13183
Mike Leake,- - -,10,13,3.92,31,31,186,782,201,93,81,20,37,3,9,130,29,10,948,1831,2779,6.29,1.79,3.51,0.273,0.309,3.9,2.19,21.80%,53.70%,24.50%,13.60%,3.1,0.19,31.20%,67.00%,48.00%,68.30%,89.90%,82.40%,63.30%,8.40%,16.60%,4.70%,46.00%,35.00%,19.00%,15.80%,51.50%,32.70%,10130
Patrick Corbin,Diamondbacks,14,13,4.03,33,32,189.2,826,208,97,85,26,61,8,3,178,27,17,1111,1973,3084,8.45,2.89,2.92,0.273,0.326,4.08,1.71,20.00%,50.40%,29.60%,15.30%,3,0.81,31.80%,66.00%,46.50%,57.20%,88.40%,76.20%,62.50%,11.10%,21.60%,7.40%,37.20%,38.60%,24.20%,18.50%,49.90%,31.60%,9323
Blake Snell,Rays,5,7,4.04,24,24,129.1,547,113,65,58,15,59,1,0,119,24,18,919,1359,2278,8.28,4.11,2.02,0.232,0.277,4.19,1.16,18.30%,43.90%,37.80%,11.00%,1.9,0.12,30.40%,64.70%,42.90%,61.60%,85.40%,74.70%,53.80%,10.80%,21.80%,10.80%,36.10%,31.50%,32.30%,18.80%,48.40%,32.90%,13543
Trevor Williams,Pirates,7,9,4.07,31,25,150.1,642,145,73,68,14,52,4,9,117,25,16,877,1546,2423,7,3.11,2.25,0.25,0.291,4.03,1.53,20.70%,48.00%,31.30%,9.90%,2.2,0.53,28.60%,68.60%,46.70%,66.50%,89.90%,82.10%,60.90%,8.40%,18.20%,8.10%,38.90%,33.90%,27.20%,21.80%,49.20%,28.90%,16977
Chris Archer,Rays,10,12,4.07,34,34,201,852,193,101,91,27,60,0,5,249,28,18,1212,2194,3406,11.15,2.69,4.15,0.245,0.325,3.4,1.17,22.00%,42.00%,36.00%,14.10%,4.6,-0.52,31.20%,68.00%,47.70%,54.80%,81.60%,71.90%,62.30%,13.40%,29.20%,7.00%,36.10%,34.20%,29.70%,13.20%,47.40%,39.40%,6345
Kyle Freeland,Rockies,11,11,4.1,33,28,156,688,169,78,71,17,63,4,8,107,24,15,994,1579,2573,6.17,3.63,1.7,0.274,0.308,4.57,1.95,18.50%,53.90%,27.60%,12.50%,2,0.58,26.00%,69.50%,45.00%,70.80%,89.20%,83.20%,54.80%,7.50%,15.60%,9.20%,39.40%,34.30%,26.30%,24.30%,43.70%,32.00%,16256
Michael Wacha,Cardinals,12,9,4.13,30,30,165.2,701,170,82,76,17,55,3,3,158,25,12,936,1754,2690,8.58,2.99,2.87,0.264,0.327,3.63,1.55,21.10%,48.00%,30.90%,11.60%,3.2,-0.74,29.50%,66.60%,47.60%,67.70%,85.40%,79.80%,65.80%,9.60%,22.50%,7.90%,42.30%,29.90%,27.80%,20.20%,51.80%,28.00%,14078
Ivan Nova,Pirates,11,14,4.14,31,31,187,785,203,96,86,29,36,2,7,131,30,16,897,1780,2677,6.3,1.73,3.64,0.274,0.299,4.46,1.48,23.40%,45.70%,31.00%,15.80%,1.9,-0.18,33.20%,68.30%,50.00%,68.10%,91.30%,83.30%,64.50%,8.40%,16.70%,4.60%,41.60%,37.90%,20.50%,16.60%,48.70%,34.80%,1994
Jake Odorizzi,Rays,10,8,4.14,28,28,143.1,604,117,80,66,30,61,1,2,127,27,18,1021,1606,2627,7.97,3.83,2.08,0.216,0.227,5.43,0.65,22.10%,30.60%,47.30%,15.50%,0.1,-0.15,30.40%,74.10%,47.90%,68.40%,81.50%,76.60%,54.00%,11.20%,21.00%,10.10%,34.90%,32.00%,33.20%,15.30%,47.90%,36.80%,6397
Jose Quintana,- - -,11,11,4.15,32,32,188.2,790,170,92,87,23,61,4,10,207,28,17,1202,1974,3176,9.87,2.91,3.39,0.236,0.301,3.68,1.3,20.80%,44.80%,34.50%,13.20%,3.9,-0.52,28.40%,62.50%,43.70%,66.70%,88.40%,80.60%,67.10%,8.50%,26.20%,7.70%,43.80%,32.20%,24.00%,18.20%,49.20%,32.60%,11423
JC Ramirez,Angels,11,10,4.15,27,24,147.1,620,149,72,68,21,49,1,6,105,28,10,839,1464,2303,6.41,2.99,2.14,0.264,0.292,4.71,1.7,18.20%,51.40%,30.30%,15.20%,1.1,0.01,25.70%,66.30%,45.60%,63.60%,87.70%,80.70%,60.30%,8.80%,16.90%,7.90%,38.70%,36.50%,24.80%,16.50%,47.40%,36.10%,8302
Jason Vargas,Royals,18,11,4.16,32,32,179.2,756,181,84,83,27,58,2,5,134,34,23,1086,1839,2925,6.71,2.91,2.31,0.261,0.289,4.67,1,19.30%,40.30%,40.40%,12.10%,1.6,1.18,28.10%,61.20%,43.20%,66.70%,82.70%,77.00%,65.90%,9.90%,17.70%,7.70%,48.80%,32.20%,19.00%,17.90%,49.40%,32.70%,8044
Trevor Bauer,Indians,17,9,4.19,32,31,176.1,749,181,84,82,25,60,0,5,196,26,16,1219,1929,3148,10,3.06,3.27,0.265,0.337,3.88,1.45,21.50%,46.40%,32.10%,16.10%,3.2,1.45,25.10%,63.10%,42.00%,58.20%,88.20%,78.20%,56.90%,9.20%,26.20%,8.00%,41.40%,33.20%,25.40%,15.00%,50.60%,34.40%,12703
Kendall Graveman,Athletics,6,4,4.19,19,19,105.1,444,114,50,49,12,32,1,4,70,26,5,639,1036,1675,5.98,2.73,2.19,0.279,0.313,4.33,1.72,19.00%,51.20%,29.80%,12.00%,1.2,0.78,26.90%,63.60%,42.40%,71.70%,91.10%,83.90%,56.30%,6.80%,15.80%,7.20%,41.10%,37.60%,21.30%,16.60%,52.70%,30.80%,15514
Eduardo Rodriguez,Red Sox,6,7,4.19,25,24,137.1,582,126,66,64,19,50,1,5,150,24,10,894,1568,2462,9.83,3.28,3,0.239,0.299,3.97,0.81,22.10%,34.90%,42.90%,11.80%,2.1,0.27,30.20%,69.90%,47.00%,64.00%,81.80%,75.20%,61.20%,11.70%,25.80%,8.60%,34.80%,38.20%,27.10%,18.60%,50.70%,30.80%,13164
Cole Hamels,Rangers,11,6,4.2,24,24,148,614,125,74,69,18,53,1,11,105,33,7,881,1431,2312,6.39,3.22,1.98,0.227,0.251,4.62,1.41,18.80%,47.50%,33.70%,12.10%,1.5,1.16,30.70%,69.20%,46.50%,67.40%,86.70%,79.20%,56.40%,9.70%,17.10%,8.60%,40.00%,36.20%,23.80%,13.70%,50.30%,36.00%,4972
Kenta Maeda,Dodgers,13,6,4.22,29,25,134.1,557,121,68,63,22,34,1,5,140,29,19,747,1434,2181,9.38,2.28,4.12,0.234,0.278,4.07,0.95,21.80%,38.10%,40.10%,15.00%,2,0.01,29.90%,66.70%,47.40%,56.30%,82.20%,73.60%,64.10%,12.50%,25.10%,6.10%,38.10%,34.70%,27.30%,20.90%,50.80%,28.30%,18498
Dylan Bundy,Orioles,13,9,4.24,28,28,169.2,698,152,82,80,26,51,0,7,152,24,27,988,1831,2819,8.06,2.71,2.98,0.238,0.273,4.38,0.7,20.00%,32.80%,47.20%,11.50%,2.7,0.96,32.10%,68.70%,48.80%,61.10%,85.20%,76.60%,59.60%,11.40%,21.80%,7.30%,37.90%,34.00%,28.10%,17.60%,45.90%,36.50%,12917
Lance McCullers Jr.,Astros,7,4,4.25,22,22,118.2,512,114,61,56,8,40,1,11,132,23,2,747,1267,2014,10.01,3.03,3.3,0.247,0.33,3.1,3.14,19.20%,61.30%,19.50%,12.70%,3,0.05,31.60%,63.70%,45.50%,48.30%,90.10%,73.70%,55.70%,12.00%,25.80%,7.80%,46.80%,32.80%,20.40%,20.70%,51.40%,28.00%,14120
Gerrit Cole,Pirates,12,12,4.26,33,33,203,849,199,98,96,31,55,1,4,196,26,23,1153,2145,3298,8.69,2.44,3.56,0.252,0.298,4.08,1.36,20.60%,45.80%,33.70%,15.90%,3.1,0.63,27.90%,66.40%,46.30%,66.50%,85.50%,79.50%,63.50%,9.50%,23.10%,6.50%,40.40%,31.50%,28.10%,23.90%,44.80%,31.30%,13125
Dan Straily,Marlins,10,9,4.26,33,33,181.2,769,176,90,86,31,60,4,5,170,28,38,1078,2007,3085,8.42,2.97,2.83,0.25,0.288,4.58,0.74,20.00%,34.20%,45.90%,13.00%,2,-0.09,32.10%,70.00%,49.40%,59.20%,84.20%,75.30%,61.90%,12.20%,22.10%,7.80%,40.30%,34.30%,25.50%,19.10%,48.30%,32.60%,9460
R.A. Dickey,Braves,10,10,4.26,31,31,190,815,193,99,90,26,67,3,10,136,42,24,994,1930,2924,6.44,3.17,2.03,0.262,0.29,4.72,1.41,19.70%,46.90%,33.40%,13.20%,1.6,-0.84,28.20%,67.10%,47.00%,75.10%,84.20%,81.40%,64.80%,8.80%,16.70%,8.20%,38.40%,34.40%,27.20%,24.30%,48.50%,27.20%,1245
Danny Salazar,Indians,5,6,4.28,23,19,103,439,94,51,49,14,44,0,3,145,27,9,633,1181,1814,12.67,3.84,3.3,0.24,0.343,3.48,1.1,25.30%,39.20%,35.50%,16.10%,2.2,0.72,32.50%,70.00%,50.30%,46.10%,78.40%,67.50%,60.10%,16.40%,33.00%,10.00%,43.30%,34.40%,22.30%,15.80%,58.30%,25.90%,5867
Sean Newcomb,Braves,4,9,4.32,19,19,100,456,100,51,48,10,57,6,6,108,24,5,672,1159,1831,9.72,5.13,1.89,0.254,0.327,4.19,1.32,22.80%,43.80%,33.30%,10.90%,1.3,-0.64,30.90%,68.60%,46.40%,63.90%,83.60%,75.90%,58.60%,11.20%,23.70%,12.50%,36.50%,34.70%,28.80%,17.50%,55.40%,27.00%,16943
Jon Lester,Cubs,13,8,4.33,32,32,180.2,763,179,101,87,26,60,3,4,180,33,12,1186,1945,3131,8.97,2.99,3,0.256,0.31,4.1,1.42,21.40%,46.20%,32.40%,15.80%,2.7,0.07,31.70%,64.80%,45.00%,64.00%,84.20%,75.70%,57.90%,11.00%,23.60%,7.90%,38.50%,37.60%,23.90%,21.40%,50.50%,28.10%,4930
Chad Kuhl,Pirates,8,11,4.35,31,31,157.1,680,159,81,76,17,72,7,6,142,24,8,1034,1653,2687,8.12,4.12,1.97,0.264,0.321,4.24,1.2,23.30%,41.90%,34.80%,10.80%,1.9,-0.16,27.70%,64.20%,44.40%,63.40%,86.30%,78.50%,58.10%,9.50%,20.90%,10.60%,35.00%,38.50%,26.50%,17.20%,46.70%,36.10%,14975
Sean Manaea,Athletics,12,10,4.37,29,29,158.2,692,167,88,77,18,55,1,10,140,25,11,954,1734,2688,7.94,3.12,2.55,0.266,0.318,4.1,1.25,20.60%,44.10%,35.30%,10.60%,2.3,-0.83,31.90%,67.40%,47.50%,58.00%,87.10%,76.10%,60.00%,11.40%,20.20%,8.00%,37.70%,37.00%,25.30%,14.80%,51.90%,33.30%,15873
Erasmo Ramirez,- - -,5,6,4.39,37,19,131.1,539,123,70,64,22,31,2,2,109,27,7,685,1313,1998,7.47,2.12,3.52,0.243,0.269,4.43,1.13,18.60%,43.30%,38.20%,14.70%,1.1,0.68,31.60%,69.30%,48.90%,68.10%,85.20%,79.20%,61.60%,10.20%,20.20%,5.80%,42.30%,36.00%,21.70%,14.40%,47.40%,38.30%,10314
German Marquez,Rockies,11,7,4.39,29,29,162,701,174,82,79,25,49,3,8,147,22,13,913,1748,2661,8.17,2.72,3,0.27,0.316,4.4,1.36,21.70%,45.20%,33.10%,15.40%,2.4,0.92,27.40%,66.90%,48.40%,58.10%,89.40%,81.10%,59.80%,9.10%,21.00%,7.00%,37.50%,35.10%,27.40%,17.70%,47.80%,34.50%,15038
Jaime Garcia,- - -,5,10,4.41,27,27,157,673,157,86,77,18,64,5,1,129,30,9,913,1517,2430,7.39,3.67,2.02,0.258,0.302,4.25,2.06,18.60%,54.80%,26.60%,14.30%,2.1,-0.83,29.90%,66.40%,45.70%,57.10%,86.40%,75.50%,56.50%,11.20%,19.20%,9.50%,46.40%,32.20%,21.50%,20.70%,48.90%,30.50%,8137
Jeff Samardzija,Giants,9,15,4.42,32,32,207.2,847,204,107,102,30,32,1,6,205,32,19,1080,2193,3273,8.88,1.39,6.41,0.252,0.303,3.61,1.14,22.10%,41.50%,36.50%,13.80%,3.8,-0.05,32.80%,66.20%,48.70%,68.00%,85.70%,79.40%,65.10%,10.00%,24.20%,3.80%,37.90%,36.40%,25.70%,20.70%,49.20%,30.10%,3254
Jameson Taillon,Pirates,8,7,4.44,25,25,133.2,587,152,69,66,11,46,3,4,125,25,12,841,1481,2322,8.42,3.1,2.72,0.283,0.352,3.48,1.71,25.10%,47.30%,27.60%,9.90%,2.9,0.18,30.40%,64.50%,46.30%,67.70%,90.10%,82.20%,62.40%,8.20%,21.30%,7.80%,44.20%,31.60%,24.30%,22.10%,48.30%,29.60%,11674
Julio Teheran,Braves,11,13,4.49,32,32,188.1,812,186,103,94,31,72,3,7,151,26,21,1067,2007,3074,7.22,3.44,2.1,0.254,0.281,4.95,1,20.20%,40.00%,39.80%,13.70%,1.1,-0.44,30.60%,66.80%,46.60%,69.20%,86.00%,79.80%,63.80%,9.40%,18.60%,8.90%,41.60%,34.40%,24.10%,21.10%,48.50%,30.40%,6797
Johnny Cueto,Giants,8,8,4.52,25,25,147.1,648,160,77,74,22,53,2,8,136,31,16,920,1613,2533,8.31,3.24,2.57,0.273,0.322,4.49,1.1,24.80%,39.40%,35.80%,14.00%,1.2,-0.54,34.60%,69.30%,48.60%,66.50%,86.70%,78.20%,64.50%,10.60%,21.00%,8.20%,41.50%,34.60%,24.00%,16.60%,48.80%,34.60%,6893
Dinelson Lamet,Padres,7,8,4.57,21,21,114.1,485,88,63,58,18,54,2,6,139,24,10,734,1207,1941,10.94,4.25,2.57,0.207,0.261,4.35,0.86,19.80%,37.10%,43.10%,14.80%,1.3,-0.45,27.80%,63.90%,44.30%,55.80%,82.40%,73.40%,56.10%,11.80%,28.70%,11.10%,36.70%,36.40%,26.90%,16.80%,47.90%,35.30%,17186
John Lackey,Cubs,12,12,4.59,31,30,170.2,731,165,93,87,36,53,3,12,149,38,19,997,1775,2772,7.86,2.79,2.81,0.248,0.268,5.3,1.06,19.70%,41.20%,39.10%,18.20%,0.5,-1.42,31.60%,66.10%,47.10%,63.80%,86.30%,77.90%,65.40%,10.40%,20.40%,7.30%,42.00%,33.70%,24.40%,16.10%,48.70%,35.20%,1507
Miguel Gonzalez,- - -,8,13,4.62,27,27,156,684,167,88,80,22,55,2,6,100,33,20,882,1649,2531,5.77,3.17,1.82,0.268,0.289,4.88,0.82,19.60%,36.20%,44.20%,9.60%,1.4,-0.18,30.60%,65.80%,47.40%,76.90%,90.50%,85.90%,66.70%,6.70%,14.60%,8.00%,42.60%,31.90%,25.40%,16.40%,51.10%,32.50%,7024
Rick Porcello,Red Sox,11,17,4.65,33,33,203.1,885,236,125,105,38,48,1,6,181,28,27,1109,2274,3383,8.01,2.12,3.77,0.284,0.324,4.6,0.98,20.90%,39.20%,39.90%,14.70%,2,-0.97,30.50%,69.30%,49.40%,69.80%,86.20%,81.00%,67.20%,9.40%,20.50%,5.40%,41.70%,32.80%,25.50%,17.10%,44.60%,38.30%,2717
Tanner Roark,Nationals,13,11,4.67,32,30,181.1,776,178,105,94,23,64,5,6,166,30,10,1196,2020,3216,8.24,3.18,2.59,0.252,0.3,4.13,1.51,19.80%,48.20%,32.00%,13.50%,2.4,-1.51,29.80%,66.40%,45.70%,64.90%,85.40%,77.80%,58.80%,10.10%,21.40%,8.30%,42.00%,33.30%,24.60%,16.70%,55.60%,27.80%,8753
Luis Perdomo,Padres,8,11,4.67,29,29,163.2,716,182,97,85,17,65,3,8,118,24,8,961,1597,2558,6.49,3.57,1.82,0.283,0.325,4.4,2.94,17.20%,61.80%,21.00%,15.60%,1.6,-1.65,29.00%,64.10%,44.50%,61.90%,90.70%,80.20%,61.30%,8.80%,16.50%,9.10%,39.60%,41.50%,18.90%,18.10%,50.30%,31.60%,14682
Kevin Gausman,Orioles,11,12,4.68,34,34,186.2,816,208,99,97,29,71,0,5,179,26,19,1240,2117,3357,8.63,3.42,2.52,0.281,0.336,4.48,1.21,22.10%,42.70%,35.20%,14.80%,2.5,0.98,30.00%,66.70%,46.30%,62.80%,84.20%,76.40%,60.20%,10.90%,21.90%,8.70%,33.30%,37.60%,29.10%,18.20%,49.60%,32.30%,14107
Antonio Senzatela,Rockies,10,5,4.68,36,20,134.2,564,128,72,70,18,47,1,4,102,22,8,836,1381,2217,6.82,3.14,2.17,0.25,0.28,4.52,1.78,21.70%,50.10%,28.10%,15.80%,1.4,0.62,22.50%,63.10%,43.30%,67.10%,89.90%,84.10%,61.70%,6.90%,18.10%,8.30%,38.70%,35.30%,26.00%,18.50%,52.10%,29.40%,15488
Tyler Chatwood,Rockies,8,15,4.69,33,25,147.2,631,136,79,77,20,77,2,4,120,27,3,1026,1435,2461,7.31,4.69,1.56,0.247,0.283,4.94,2.68,20.20%,58.10%,21.70%,22.00%,1.1,-0.09,26.60%,67.30%,43.40%,58.30%,88.00%,77.20%,53.60%,9.90%,19.00%,12.20%,37.40%,39.10%,23.50%,22.10%,48.80%,29.10%,4338
Seth Lugo,Mets,7,5,4.71,19,18,101.1,436,114,57,53,13,25,1,2,85,27,11,572,1069,1641,7.55,2.22,3.4,0.279,0.325,3.95,1.25,23.80%,42.30%,33.90%,12.00%,1.7,-0.64,30.30%,66.20%,46.70%,71.40%,87.00%,81.50%,59.20%,8.70%,19.50%,5.70%,40.40%,38.00%,21.60%,19.10%,46.30%,34.60%,12447
Jerad Eickhoff,Phillies,4,8,4.71,24,24,128,576,142,74,67,16,53,4,5,118,26,12,804,1329,2133,8.3,3.73,2.23,0.274,0.328,4.3,0.94,22.30%,37.60%,40.20%,10.20%,1.9,-1.03,26.00%,65.20%,44.30%,64.10%,87.40%,80.10%,57.10%,8.80%,20.50%,9.20%,46.50%,33.50%,20.00%,15.30%,52.50%,32.30%,12664
Masahiro Tanaka,Yankees,13,12,4.74,30,30,178.1,752,180,100,94,35,41,1,7,194,28,20,937,1873,2810,9.79,2.07,4.73,0.256,0.305,4.34,1.51,18.20%,49.20%,32.60%,21.20%,2.7,0.21,37.80%,69.00%,50.90%,52.80%,83.60%,70.40%,64.60%,15.10%,25.80%,5.50%,45.80%,36.70%,17.50%,19.50%,49.10%,31.40%,15764
Scott Feldman,Reds,7,7,4.77,21,21,111.1,472,116,62,59,21,35,2,6,93,34,9,718,1191,1909,7.52,2.83,2.66,0.269,0.3,5.04,1.42,27.10%,42.80%,30.20%,21.40%,0.7,0.06,26.00%,63.20%,43.30%,67.60%,87.00%,80.80%,60.80%,8.30%,19.70%,7.40%,39.50%,33.20%,27.30%,20.50%,46.60%,32.90%,6283
Joe Musgrove,Astros,7,8,4.77,38,15,109.1,462,117,59,58,18,28,1,4,98,24,9,555,1205,1760,8.07,2.3,3.5,0.272,0.315,4.38,1.33,21.20%,44.90%,33.80%,16.40%,1.1,-0.49,33.00%,68.20%,50.50%,59.60%,85.40%,76.90%,63.90%,11.70%,21.20%,6.10%,43.50%,32.60%,23.90%,20.20%,49.60%,30.20%,12970
Ty Blach,Giants,8,12,4.78,34,24,163.2,692,179,91,87,17,43,2,1,73,26,13,910,1609,2519,4.01,2.36,1.7,0.276,0.29,4.42,1.47,21.50%,46.70%,31.80%,9.60%,1.2,-0.52,24.90%,66.60%,45.20%,76.70%,90.10%,86.30%,61.70%,6.20%,10.60%,6.20%,38.30%,33.40%,28.40%,18.40%,50.40%,31.10%,14361
Clayton Richard,Padres,8,15,4.79,32,32,197.1,858,240,114,105,24,59,6,8,151,33,7,1053,1992,3045,6.89,2.69,2.56,0.303,0.351,4.23,3,21.00%,59.20%,19.70%,19.40%,2.3,-1.51,31.60%,67.70%,47.40%,69.10%,89.60%,81.90%,62.50%,8.60%,17.60%,6.90%,40.30%,35.80%,23.90%,17.30%,47.70%,35.00%,3551
Mike Foltynewicz,Braves,10,13,4.79,29,28,154,692,169,86,82,20,59,2,10,143,25,13,1040,1730,2770,8.36,3.45,2.42,0.271,0.324,4.33,1.09,24.40%,39.40%,36.20%,11.80%,1.8,-0.18,27.90%,67.20%,44.60%,69.40%,84.30%,78.90%,62.30%,9.40%,20.70%,8.50%,34.80%,41.50%,23.80%,15.80%,56.00%,28.10%,10811
Martin Perez,Rangers,13,12,4.82,32,32,185,811,221,108,99,23,63,3,6,115,26,13,1191,1906,3097,5.59,3.06,1.83,0.298,0.328,4.65,1.69,24.80%,47.30%,27.90%,13.30%,1.9,-0.24,32.10%,64.10%,44.80%,74.60%,90.60%,83.70%,59.30%,7.30%,14.20%,7.80%,39.40%,34.90%,25.70%,15.20%,51.50%,33.30%,6902
Ricky Nolasco,Angels,6,15,4.92,33,33,181,787,205,102,99,35,58,3,3,143,34,18,1195,1896,3091,7.11,2.88,2.47,0.282,0.31,5.1,1.03,20.80%,40.10%,39.10%,15.60%,0.7,-1.71,29.50%,70.70%,45.60%,62.20%,84.90%,76.00%,60.20%,11.00%,18.20%,7.40%,47.60%,30.80%,21.70%,15.10%,47.30%,37.60%,3830
Matt Garza,Brewers,6,9,4.94,24,22,114.2,504,121,72,63,17,45,4,1,79,33,16,706,1204,1910,6.2,3.53,1.76,0.264,0.287,4.91,1.06,22.20%,40.00%,37.80%,12.30%,1,-0.71,32.00%,69.50%,47.30%,71.00%,91.00%,83.00%,59.30%,8.10%,15.70%,8.90%,38.50%,32.20%,29.30%,16.60%,50.10%,33.30%,3340
Josh Tomlin,Indians,10,9,4.98,26,26,141,585,166,80,78,23,14,0,4,109,32,12,671,1417,2088,6.96,0.89,7.79,0.293,0.329,4.12,1.07,23.20%,39.60%,37.20%,13.70%,2.2,-0.45,32.40%,67.10%,48.50%,70.00%,89.70%,82.60%,68.60%,8.40%,18.60%,2.40%,43.90%,38.00%,18.10%,14.00%,49.80%,36.20%,9388
Marco Estrada,Blue Jays,10,9,4.98,33,33,186,806,186,104,103,31,71,0,2,176,33,46,1144,2102,3246,8.52,3.44,2.48,0.254,0.295,4.61,0.6,19.40%,30.30%,50.30%,11.20%,2.6,-0.45,30.60%,71.20%,49.00%,71.40%,81.10%,77.80%,58.70%,10.90%,21.80%,8.80%,42.50%,28.60%,29.00%,21.40%,51.40%,27.20%,1118
Kyle Gibson,Twins,12,10,5.07,29,29,158,693,182,93,89,24,60,0,6,121,29,7,1000,1610,2610,6.89,3.42,2.02,0.29,0.328,4.85,1.95,23.10%,50.80%,26.10%,18.30%,1.1,-1.36,31.20%,67.10%,45.60%,61.80%,89.20%,78.00%,59.50%,10.00%,17.50%,8.70%,45.30%,37.20%,17.60%,15.40%,48.80%,35.80%,10123
Adam Wainwright,Cardinals,12,5,5.11,24,23,123.1,546,140,73,70,14,45,4,5,96,35,11,803,1352,2155,7.01,3.28,2.13,0.282,0.326,4.29,1.69,24.90%,47.20%,27.90%,12.70%,1.5,0.59,28.00%,63.70%,43.70%,70.90%,89.90%,83.10%,59.50%,7.40%,17.60%,8.20%,41.30%,32.00%,26.80%,19.50%,49.80%,30.80%,2233
Ariel Miranda,Mariners,8,7,5.12,31,29,160,678,140,93,91,37,63,1,5,137,28,34,996,1666,2662,7.71,3.54,2.17,0.23,0.236,5.73,0.61,16.20%,31.70%,52.20%,15.30%,0.1,-0.91,25.60%,71.90%,47.50%,62.40%,83.10%,77.20%,60.90%,10.80%,20.20%,9.30%,41.20%,31.30%,27.50%,21.40%,46.90%,31.70%,17526
Robert Gsellman,Mets,8,7,5.19,25,22,119.2,549,138,85,69,17,42,3,8,82,23,10,753,1296,2049,6.17,3.16,1.95,0.277,0.303,4.89,1.69,21.50%,49.30%,29.20%,14.40%,0.7,-1.88,29.70%,69.80%,47.20%,76.00%,88.80%,84.30%,64.70%,7.40%,14.90%,7.70%,38.70%,35.30%,26.00%,20.00%,50.00%,30.10%,13696
Mike Fiers,Astros,8,10,5.22,29,28,153.1,671,157,95,89,32,62,0,13,146,32,12,960,1670,2630,8.57,3.64,2.35,0.263,0.299,5.43,1.15,20.00%,42.90%,37.20%,19.50%,0.1,-1.5,29.90%,64.30%,45.70%,69.70%,86.00%,80.20%,60.10%,9.10%,21.80%,9.20%,46.20%,31.50%,22.30%,20.10%,49.80%,30.10%,7754
James Shields,White Sox,5,7,5.23,21,21,117,516,116,72,68,27,53,3,3,103,35,11,785,1231,2016,7.92,4.08,1.94,0.252,0.27,5.83,0.88,18.30%,38.20%,43.50%,17.40%,-0.2,-1.84,27.80%,67.00%,44.40%,62.50%,85.10%,77.00%,58.00%,10.20%,20.00%,10.30%,43.40%,36.70%,19.90%,19.30%,47.30%,33.30%,7059
Matt Boyd,Tigers,6,11,5.27,26,25,135,605,157,84,79,18,53,3,3,110,26,27,853,1503,2356,7.33,3.53,2.08,0.286,0.33,4.51,0.96,22.30%,38.10%,39.50%,10.60%,1.9,-0.89,30.50%,69.10%,48.30%,70.90%,83.70%,79.40%,59.50%,10.00%,18.20%,8.80%,44.40%,31.00%,24.60%,21.00%,44.40%,34.60%,15440
Jason Hammel,Royals,8,13,5.29,32,32,180.1,804,209,109,106,26,48,2,9,145,34,19,1068,1961,3029,7.24,2.4,3.02,0.28,0.318,4.37,0.92,20.80%,38.00%,41.20%,10.60%,2.1,-1.58,30.50%,66.60%,47.90%,61.60%,89.30%,80.10%,62.60%,9.50%,18.00%,6.00%,41.90%,33.10%,25.10%,16.60%,51.80%,31.60%,4538
Daniel Norris,Tigers,5,8,5.31,22,18,101.2,460,120,64,60,12,44,3,3,86,24,7,729,1098,1827,7.61,3.9,1.95,0.291,0.343,4.39,0.99,22.00%,38.80%,39.10%,9.50%,1.3,-1.23,25.60%,65.10%,43.60%,59.20%,88.20%,78.90%,55.20%,9.20%,18.70%,9.60%,41.70%,35.60%,22.70%,16.30%,42.00%,41.70%,13475
Joe Biagini,Blue Jays,3,13,5.34,44,18,119.2,517,125,78,71,15,42,0,2,97,27,8,691,1245,1936,7.3,3.16,2.31,0.264,0.305,4.27,2.08,17.60%,55.70%,26.80%,15.20%,1.4,0.04,30.00%,65.40%,45.90%,69.00%,89.10%,81.90%,63.60%,8.30%,18.80%,8.10%,45.20%,32.20%,22.60%,18.60%,51.10%,30.30%,13194
Jesse Chavez,Angels,7,11,5.35,38,21,138,586,148,83,82,28,45,2,2,119,33,11,870,1442,2312,7.76,2.93,2.64,0.275,0.306,5.09,1.12,22.40%,41.10%,36.50%,18.30%,0.3,-2.19,26.60%,69.60%,44.40%,71.70%,87.10%,81.60%,62.50%,8.10%,20.30%,7.70%,37.40%,34.10%,28.60%,15.00%,48.30%,36.70%,5448
Ian Kennedy,Royals,5,13,5.38,30,30,154,655,143,99,92,34,61,2,5,131,32,15,984,1657,2641,7.66,3.56,2.15,0.243,0.257,5.61,0.76,16.30%,36.00%,47.70%,15.70%,-0.2,-1.58,25.10%,67.60%,45.30%,71.30%,84.00%,80.30%,58.20%,8.90%,20.00%,9.30%,38.40%,35.80%,25.80%,11.80%,46.50%,41.70%,6986
Matt Cain,Giants,3,11,5.43,27,23,124.1,568,157,85,75,18,49,6,2,75,32,13,780,1303,2083,5.43,3.55,1.53,0.304,0.328,5.06,1.24,23.20%,42.50%,34.30%,12.20%,0.3,-1.73,24.90%,63.40%,43.20%,80.90%,92.00%,88.60%,63.20%,4.90%,13.20%,8.60%,44.40%,36.70%,18.80%,16.80%,51.30%,32.00%,4732
Jeremy Hellickson,- - -,8,11,5.43,30,30,164,695,160,105,99,35,47,2,8,96,30,27,967,1651,2618,5.27,2.58,2.04,0.25,0.246,5.77,0.8,21.30%,34.90%,43.80%,15.10%,0.2,-2.34,30.00%,69.90%,47.90%,74.40%,87.00%,82.60%,59.10%,8.30%,13.80%,6.80%,45.40%,28.70%,25.90%,19.90%,48.20%,32.00%,4371
Tim Adleman,Reds,5,11,5.52,30,20,122.1,531,124,79,75,29,51,1,6,108,29,14,781,1307,2088,7.95,3.75,2.12,0.262,0.282,5.87,0.74,19.00%,34.40%,46.60%,17.40%,-0.4,-2.16,27.30%,69.70%,47.10%,64.10%,82.90%,77.10%,60.50%,10.80%,20.30%,9.60%,41.30%,33.10%,25.70%,16.70%,46.70%,36.60%,10968
Rafael Montero,Mets,5,11,5.52,34,18,119,550,141,75,73,12,67,5,5,114,26,13,840,1379,2219,8.62,5.07,1.7,0.295,0.366,4.37,1.48,19.40%,48.10%,32.50%,10.50%,1.3,-2.54,31.00%,64.00%,44.80%,67.60%,83.80%,77.30%,63.50%,10.20%,20.70%,12.20%,35.70%,37.60%,26.70%,20.90%,52.80%,26.40%,12760
Matt Moore,Giants,6,15,5.52,32,31,174.1,790,200,116,107,27,67,3,7,148,28,22,1009,1866,2875,7.64,3.46,2.21,0.279,0.32,4.75,0.9,20.40%,37.70%,41.90%,11.60%,1,-2.94,27.90%,67.90%,46.80%,67.10%,88.30%,81.70%,61.30%,8.60%,18.70%,8.50%,37.30%,38.90%,23.80%,15.90%,49.50%,34.70%,1890
Jharel Cotton,Athletics,9,10,5.58,24,24,129,566,133,91,80,28,53,1,4,105,25,24,804,1369,2173,7.33,3.7,1.98,0.261,0.279,5.68,0.8,16.70%,37.00%,46.30%,15.30%,0,-2.09,26.70%,69.30%,47.00%,69.10%,83.70%,79.30%,59.40%,9.70%,18.60%,9.40%,35.30%,38.10%,26.60%,21.60%,47.00%,31.30%,13654
Wade Miley,Orioles,8,15,5.61,32,32,157.1,728,179,104,98,25,93,1,4,142,30,13,1296,1758,3054,8.12,5.32,1.53,0.284,0.332,5.27,1.88,22.90%,50.30%,26.80%,19.40%,0.8,-1.31,29.10%,63.20%,41.00%,68.80%,89.90%,80.20%,53.70%,8.10%,19.50%,12.80%,42.90%,34.20%,22.90%,16.60%,50.90%,32.50%,8779
Nick Martinez,Rangers,3,8,5.66,23,18,111.1,478,124,74,70,26,28,0,2,67,26,18,668,1147,1815,5.42,2.26,2.39,0.277,0.276,5.8,1.12,21.20%,41.60%,37.10%,18.60%,0,-1.36,30.90%,62.90%,45.40%,75.90%,91.50%,85.70%,59.80%,6.50%,14.00%,5.90%,38.60%,37.00%,24.40%,20.50%,49.30%,30.20%,12730
Yovani Gallardo,Mariners,5,10,5.72,28,22,130.2,578,138,84,83,24,60,3,2,94,31,25,910,1381,2291,6.47,4.13,1.57,0.267,0.286,5.53,1.21,19.40%,44.10%,36.60%,15.90%,0,-2.06,26.00%,67.20%,44.30%,67.70%,87.70%,81.20%,58.00%,8.30%,16.30%,10.40%,36.50%,36.00%,27.50%,19.40%,47.60%,32.90%,8173
Mike Pelfrey,White Sox,3,12,5.93,34,21,120,546,127,87,79,25,62,4,10,79,33,11,933,1358,2291,5.93,4.65,1.27,0.268,0.276,6.35,1.48,15.70%,50.30%,34.00%,18.70%,-1,-2.08,25.00%,63.70%,40.40%,73.10%,89.80%,83.60%,59.20%,6.60%,14.50%,11.40%,40.30%,37.50%,22.30%,19.80%,49.90%,30.40%,5203
Nick Pivetta,Phillies,8,10,6.02,26,26,133,584,144,91,89,25,57,0,4,140,24,10,900,1539,2439,9.47,3.86,2.46,0.275,0.332,4.87,1.2,19.90%,43.80%,36.30%,18.20%,1.1,-1.32,28.60%,64.30%,45.60%,68.80%,87.00%,81.00%,59.30%,8.70%,24.00%,9.80%,33.70%,40.50%,25.90%,15.90%,48.60%,35.50%,15454
Jordan Zimmermann,Tigers,8,13,6.08,29,29,160,713,204,111,108,29,44,2,7,103,31,28,905,1739,2644,5.79,2.48,2.34,0.308,0.33,5.18,0.79,24.80%,33.20%,42.00%,12.50%,1.1,-1.77,30.50%,68.40%,49.10%,69.10%,90.10%,83.40%,67.50%,8.10%,14.50%,6.20%,37.60%,38.10%,24.30%,13.40%,47.10%,39.50%,4505
Adam Conley,Marlins,8,8,6.14,22,20,102.2,463,114,74,70,19,42,4,8,72,27,20,639,1084,1723,6.31,3.68,1.71,0.276,0.295,5.62,0.95,18.60%,39.60%,41.80%,13.90%,-0.1,-1.75,27.70%,69.90%,47.30%,65.90%,85.70%,79.50%,57.70%,9.70%,15.60%,9.10%,44.30%,32.80%,22.90%,17.90%,43.40%,38.70%,14457
Derek Holland,White Sox,7,14,6.2,29,26,135,626,156,106,93,31,75,2,8,104,30,15,987,1473,2460,6.93,5,1.39,0.287,0.306,6.45,0.93,21.80%,37.70%,40.50%,17.60%,-0.9,-2.18,25.00%,64.20%,41.00%,71.40%,89.00%,82.70%,63.40%,7.10%,16.60%,12.00%,44.10%,32.90%,23.10%,17.60%,44.10%,38.40%,4141
Anibal Sanchez,Tigers,3,7,6.41,28,17,105.1,482,139,81,75,26,29,1,4,104,33,13,690,1165,1855,8.89,2.48,3.59,0.31,0.354,5.33,0.9,24.70%,35.60%,39.70%,19.30%,0.5,-1.05,28.40%,65.10%,45.40%,61.90%,86.80%,78.50%,61.40%,9.80%,21.60%,6.00%,38.60%,35.70%,25.80%,16.80%,45.80%,37.40%,3284
Bartolo Colon,- - -,7,14,6.48,28,28,143,648,192,112,103,28,35,0,1,89,44,17,741,1545,2286,5.6,2.2,2.54,0.314,0.331,5.21,1.08,19.30%,41.80%,38.90%,14.10%,0.6,-2.86,29.80%,65.10%,46.50%,81.10%,92.20%,88.40%,65.10%,5.40%,13.70%,5.40%,35.00%,37.70%,27.30%,17.80%,46.50%,35.80%,375
Ubaldo Jimenez,Orioles,6,11,6.81,31,25,142.2,648,169,109,108,33,58,0,5,139,33,12,1020,1567,2587,8.77,3.66,2.4,0.289,0.329,5.54,1.19,20.90%,43.10%,36.10%,20.80%,0.1,-3.07,26.00%,63.90%,42.40%,65.80%,88.10%,80.40%,53.40%,8.30%,21.50%,9.00%,39.20%,35.00%,25.80%,17.70%,45.30%,37.00%,3374